{
    "batch": {
        "batchLabel": "v34_batch25",
        "cfgFile": "cfg.py",
        "evolCfg": {
            "fitnessFunc": "removed"
        },
        "initCfg": {
            "('EELayerGain', '2')": 1.1392556114489,
            "('EELayerGain', '3')": 0.2627680775261009,
            "('EELayerGain', '4')": 0.7953549349740079,
            "('EELayerGain', '5A')": 1.107062263790829,
            "('EELayerGain', '5B')": 0.1873673565713772,
            "('EELayerGain', '6')": 1.2260292755940738,
            "('EICellTypeGain', 'NGF')": 2.7521920026073357,
            "('EICellTypeGain', 'PV')": 0.6152864472687144,
            "('EICellTypeGain', 'SOM')": 0.35116819915031644,
            "('EICellTypeGain', 'VIP')": 1.1218458257976713,
            "('EILayerGain', '1')": 0.827750821266419,
            "('EILayerGain', '2')": 0.8309591864633213,
            "('EILayerGain', '3')": 0.2606080713427127,
            "('EILayerGain', '4')": 0.3587959278506161,
            "('EILayerGain', '5A')": 0.9777414771947963,
            "('EILayerGain', '5B')": 1.2194384057226428,
            "('EILayerGain', '6')": 2.661195004653538,
            "('IECellTypeGain', 'NGF')": 0.11567059244128475,
            "('IECellTypeGain', 'PV')": 2.9493206673798475,
            "('IECellTypeGain', 'SOM')": 0.13986148108703275,
            "('IECellTypeGain', 'VIP')": 0.10888755736754395,
            "('IELayerGain', '2')": 0.8766937284048854,
            "('IELayerGain', '3')": 0.5609281169449685,
            "('IELayerGain', '4')": 1.870729555191084,
            "('IELayerGain', '5A')": 3.566320604507868,
            "('IELayerGain', '5B')": 0.7695785463331726,
            "('IELayerGain', '6')": 3.9278827507598293,
            "('IILayerGain', '1')": 1.1305254604890966,
            "('IILayerGain', '2')": 1.1428945741399408,
            "('IILayerGain', '3')": 0.2896903197397815,
            "('IILayerGain', '4')": 1.086197796863865,
            "('IILayerGain', '5A')": 0.5982384402236298,
            "('IILayerGain', '5B')": 0.879452953038821,
            "('IILayerGain', '6')": 0.4784462642417754,
            "('analysis', 'plotLFP')": false,
            "('analysis', 'plotRaster', 'markerSize')": 10,
            "('analysis', 'plotRaster', 'timeRange')": [
                1500,
                2500
            ],
            "('analysis', 'plotTraces', 'oneFigPer')": "trace",
            "('analysis', 'plotTraces', 'timeRange')": [
                1500,
                2500
            ],
            "EEGain": 0.75,
            "EIGain": 1.5,
            "EbkgThalamicGain": 3.9181565363409163,
            "IEGain": 1.5,
            "IIGain": 1.0,
            "IbkgThalamicGain": 3.9227144872233324,
            "dt": 0.05,
            "duration": 2500,
            "intraThalamicGain": 0.9843624229766335,
            "printPopAvgRates": [
                [
                    1500,
                    1750
                ],
                [
                    1750,
                    2000
                ],
                [
                    2000,
                    2250
                ],
                [
                    2250,
                    2500
                ]
            ],
            "recordLFP": null,
            "saveCellConns": false,
            "saveCellSecs": false,
            "scaleDensity": 1.0,
            "thalamoCorticalGain": 2.1111391118965863
        },
        "method": "optuna",
        "netParamsFile": "netParams.py",
        "optimCfg": {
            "fitnessFunc": "removed",
            "fitnessFuncArgs": {
                "maxFitness": 2000,
                "pops": {
                    "CT5A": {
                        "min": 0.05,
                        "target": 5,
                        "width": 20
                    },
                    "CT5B": {
                        "min": 0.05,
                        "target": 5,
                        "width": 20
                    },
                    "CT6": {
                        "min": 0.05,
                        "target": 5,
                        "width": 20
                    },
                    "HTC": {
                        "min": 0.05,
                        "target": 5,
                        "width": 20
                    },
                    "IRE": {
                        "min": 0.05,
                        "target": 10,
                        "width": 30
                    },
                    "IREM": {
                        "min": 0.05,
                        "target": 10,
                        "width": 30
                    },
                    "IT2": {
                        "min": 0.05,
                        "target": 5,
                        "width": 20
                    },
                    "IT3": {
                        "min": 0.05,
                        "target": 5,
                        "width": 20
                    },
                    "IT5A": {
                        "min": 0.05,
                        "target": 5,
                        "width": 20
                    },
                    "IT5B": {
                        "min": 0.05,
                        "target": 5,
                        "width": 20
                    },
                    "IT6": {
                        "min": 0.05,
                        "target": 5,
                        "width": 20
                    },
                    "ITP4": {
                        "min": 0.05,
                        "target": 5,
                        "width": 20
                    },
                    "ITS4": {
                        "min": 0.05,
                        "target": 5,
                        "width": 20
                    },
                    "NGF1": {
                        "min": 0.05,
                        "target": 10,
                        "width": 30
                    },
                    "NGF2": {
                        "min": 0.05,
                        "target": 10,
                        "width": 30
                    },
                    "NGF3": {
                        "min": 0.05,
                        "target": 10,
                        "width": 30
                    },
                    "NGF4": {
                        "min": 0.05,
                        "target": 10,
                        "width": 30
                    },
                    "NGF5A": {
                        "min": 0.05,
                        "target": 10,
                        "width": 30
                    },
                    "NGF5B": {
                        "min": 0.05,
                        "target": 10,
                        "width": 30
                    },
                    "NGF6": {
                        "min": 0.05,
                        "target": 10,
                        "width": 30
                    },
                    "PT5B": {
                        "min": 0.05,
                        "target": 5,
                        "width": 20
                    },
                    "PV2": {
                        "min": 0.05,
                        "target": 10,
                        "width": 30
                    },
                    "PV3": {
                        "min": 0.05,
                        "target": 10,
                        "width": 30
                    },
                    "PV4": {
                        "min": 0.05,
                        "target": 10,
                        "width": 30
                    },
                    "PV5A": {
                        "min": 0.05,
                        "target": 10,
                        "width": 30
                    },
                    "PV5B": {
                        "min": 0.05,
                        "target": 10,
                        "width": 30
                    },
                    "PV6": {
                        "min": 0.05,